id	pos	ref	alt	maf
snp:btx623:v3:CG:c09:p12682424:dartreseq	12682424	C	G	0.319731
snp:btx623:v3:AG:c09:p25373090:dartreseq	25373090	A	G	0.143595
snp:btx623:v3:AT:c09:p13444896:dartreseq	13444896	A	T	0.0516529
snp:btx623:v3:AG:c09:p40270539:dartreseq	40270539	A	G	0.479855
snp:btx623:v3:GT:c09:p5274591:dartreseq	5274591	T	G	0.177686
snp:btx623:v3:AG:c09:p2044665:dartreseq	2044665	A	G	0.240186
snp:btx623:v3:CT:c09:p35644069:dartreseq	35644069	T	C	0.292872
snp:btx623:v3:GT:c09:p5576553:dartreseq	5576553	T	G	0.233471
snp:btx623:v3:CG:c09:p59281464:dartreseq	59281464	G	C	0.201446
snp:btx623:v3:CT:c09:p42056365:dartreseq	42056365	C	T	0.052686
snp:btx623:v3:CT:c09:p10251722:dartreseq	10251722	C	T	0.161157
snp:btx623:v3:CT:c09:p56193246:dartreseq	56193246	T	C	0.122417
snp:btx623:v3:AG:c09:p23840082:dartreseq	23840082	A	G	0.490186
snp:btx623:v3:AG:c09:p6342380:dartreseq	6342380	G	A	0.115186
snp:btx623:v3:AC:c09:p23749810:dartreseq	23749810	C	A	0.311467
snp:btx623:v3:CT:c09:p54638383:dartreseq	54638383	C	T	0.370351
snp:btx623:v3:CT:c09:p59235441:dartreseq	59235441	C	T	0.167355
snp:btx623:v3:AC:c09:p15391085:dartreseq	15391085	A	C	0.323347
snp:btx623:v3:AC:c09:p55516999:dartreseq	55516999	A	C	0.102273
snp:btx623:v3:AG:c09:p1652589:dartreseq	1652589	A	G	0.153409
snp:btx623:v3:CT:c09:p48772221:dartreseq	48772221	C	T	0.225207
snp:btx623:v3:CT:c09:p53812949:dartreseq	53812949	C	T	0.0852273
snp:btx623:v3:AG:c09:p53751140:dartreseq	53751140	A	G	0.147727
snp:btx623:v3:AG:c09:p3872168:dartreseq	3872168	A	G	0.413223
snp:btx623:v3:GT:c09:p943157:dartreseq	943157	T	G	0.203512
snp:btx623:v3:AG:c09:p3884048:dartreseq	3884048	G	A	0.0625
snp:btx623:v3:GT:c09:p52664717:dartreseq	52664717	G	T	0.114669
snp:btx623:v3:AT:c09:p9703398:dartreseq	9703398	T	A	0.396178
snp:btx623:v3:CT:c09:p9357784:dartreseq	9357784	T	C	0.452996
snp:btx623:v3:CT:c09:p35042271:dartreseq	35042271	C	T	0.322314
snp:btx623:v3:AG:c09:p50465484:dartreseq	50465484	G	A	0.283574
snp:btx623:v3:AC:c09:p49434688:dartreseq	49434688	C	A	0.210744
snp:btx623:v3:AG:c09:p51911273:dartreseq	51911273	G	A	0.382231
snp:btx623:v3:AT:c09:p49894265:dartreseq	49894265	A	T	0.249483
snp:btx623:v3:CT:c09:p10464153:dartreseq	10464153	C	T	0.260331
snp:btx623:v3:CT:c09:p7954835:dartreseq	7954835	T	C	0.315599
snp:btx623:v3:CT:c09:p10685266:dartreseq	10685266	C	T	0.0614669
snp:btx623:v3:CT:c09:p51566817:dartreseq	51566817	T	C	0.20093
snp:btx623:v3:CT:c09:p2114291:dartreseq	2114291	T	C	0.412707
snp:btx623:v3:CT:c09:p50391415:dartreseq	50391415	T	C	0.127066
snp:btx623:v3:AC:c09:p48734545:dartreseq	48734545	C	A	0.320248
snp:btx623:v3:AT:c09:p50844457:dartreseq	50844457	T	A	0.372417
snp:btx623:v3:CT:c09:p10540378:dartreseq	10540378	C	T	0.28719
snp:btx623:v3:AG:c09:p6353580:dartreseq	6353580	A	G	0.189566
snp:btx623:v3:GT:c09:p14567353:dartreseq	14567353	T	G	0.170971
snp:btx623:v3:GT:c09:p51417216:dartreseq	51417216	G	T	0.0614669
snp:btx623:v3:AG:c09:p24579425:dartreseq	24579425	G	A	0.341426
snp:btx623:v3:AG:c09:p20454366:dartreseq	20454366	G	A	0.259298
snp:btx623:v3:CG:c09:p58063139:dartreseq	58063139	C	G	0.081095
snp:btx623:v3:AG:c09:p39816901:dartreseq	39816901	A	G	0.432335
snp:btx623:v3:AG:c09:p51398124:dartreseq	51398124	G	A	0.458161
snp:btx623:v3:CT:c09:p2963605:dartreseq	2963605	T	C	0.41064
snp:btx623:v3:AG:c09:p47260978:dartreseq	47260978	G	A	0.233988
snp:btx623:v3:CT:c09:p1176980:dartreseq	1176980	C	T	0.11312
snp:btx623:v3:AG:c09:p48364866:dartreseq	48364866	G	A	0.179752
snp:btx623:v3:AT:c09:p46348610:dartreseq	46348610	T	A	0.0588843
snp:btx623:v3:GT:c09:p8152626:dartreseq	8152626	G	T	0.139979
snp:btx623:v3:CG:c09:p5731429:dartreseq	5731429	G	C	0.245868
snp:btx623:v3:CT:c09:p42942811:dartreseq	42942811	T	C	0.080062
snp:btx623:v3:AG:c09:p2201331:dartreseq	2201331	A	G	0.258264
snp:btx623:v3:AC:c09:p47945391:dartreseq	47945391	C	A	0.0563017
snp:btx623:v3:AC:c09:p2684593:dartreseq	2684593	C	A	0.143595
snp:btx623:v3:GT:c09:p53183081:dartreseq	53183081	G	T	0.106921
snp:btx623:v3:AT:c09:p56049337:dartreseq	56049337	A	T	0.0878099
snp:btx623:v3:AT:c09:p2685146:dartreseq	2685146	A	T	0.0764463
snp:btx623:v3:CT:c09:p1588140:dartreseq	1588140	T	C	0.200413
snp:btx623:v3:AG:c09:p39986753:dartreseq	39986753	A	G	0.285124
snp:btx623:v3:AT:c09:p9480339:dartreseq	9480339	T	A	0.447314
snp:btx623:v3:AC:c09:p56946575:dartreseq	56946575	A	C	0.126033
snp:btx623:v3:AC:c09:p47888037:dartreseq	47888037	A	C	0.424587
snp:btx623:v3:AC:c09:p53568693:dartreseq	53568693	C	A	0.0516529
snp:btx623:v3:CT:c09:p47230081:dartreseq	47230081	C	T	0.185434
snp:btx623:v3:CT:c09:p46081910:dartreseq	46081910	T	C	0.244835
snp:btx623:v3:AG:c09:p54382438:dartreseq	54382438	A	G	0.0645661
snp:btx623:v3:CG:c09:p1277354:dartreseq	1277354	G	C	0.114669
snp:btx623:v3:CT:c09:p49775962:dartreseq	49775962	T	C	0.158058
snp:btx623:v3:CT:c09:p17689111:dartreseq	17689111	T	C	0.0661157
snp:btx623:v3:CT:c09:p45559390:dartreseq	45559390	C	T	0.0728306
snp:btx623:v3:GT:c09:p51898846:dartreseq	51898846	T	G	0.38843
snp:btx623:v3:AG:c09:p52763850:dartreseq	52763850	G	A	0.158574
snp:btx623:v3:GT:c09:p58874520:dartreseq	58874520	G	T	0.228822
snp:btx623:v3:CT:c09:p1763584:dartreseq	1763584	C	T	0.12655
snp:btx623:v3:AG:c09:p58091180:dartreseq	58091180	G	A	0.466426
snp:btx623:v3:CT:c09:p3795191:dartreseq	3795191	T	C	0.196281
snp:btx623:v3:AG:c09:p2391628:dartreseq	2391628	G	A	0.426136
snp:btx623:v3:AT:c09:p56466127:dartreseq	56466127	A	T	0.170971
snp:btx623:v3:AT:c09:p56948916:dartreseq	56948916	T	A	0.159091
snp:btx623:v3:GT:c09:p8379342:dartreseq	8379342	T	G	0.269628
snp:btx623:v3:AG:c09:p47073164:dartreseq	47073164	G	A	0.252066
snp:btx623:v3:AG:c09:p54019516:dartreseq	54019516	A	G	0.116736
snp:btx623:v3:GT:c09:p8030665:dartreseq	8030665	G	T	0.0754132
snp:btx623:v3:AT:c09:p56565948:dartreseq	56565948	A	T	0.0940083
snp:btx623:v3:CT:c09:p47609848:dartreseq	47609848	C	T	0.300103
snp:btx623:v3:CG:c09:p50536805:dartreseq	50536805	G	C	0.362087
snp:btx623:v3:AC:c09:p23284380:dartreseq	23284380	C	A	0.0604339
snp:btx623:v3:CT:c09:p31254223:dartreseq	31254223	C	T	0.267562
snp:btx623:v3:AC:c09:p10072022:dartreseq	10072022	C	A	0.0501033
snp:btx623:v3:AC:c09:p5281102:dartreseq	5281102	A	C	0.0681818
snp:btx623:v3:AG:c09:p42921149:dartreseq	42921149	G	A	0.253616
snp:btx623:v3:CG:c09:p48220806:dartreseq	48220806	G	C	0.371901
snp:btx623:v3:GT:c09:p153275:dartreseq	153275	T	G	0.378616
snp:btx623:v3:GT:c09:p3730704:dartreseq	3730704	G	T	0.405475
snp:btx623:v3:AG:c09:p45975705:dartreseq	45975705	G	A	0.118285
snp:btx623:v3:CG:c09:p53585708:dartreseq	53585708	C	G	0.0795455
snp:btx623:v3:AG:c09:p1954465:dartreseq	1954465	A	G	0.0785124
snp:btx623:v3:AG:c09:p47625104:dartreseq	47625104	A	G	0.143595
snp:btx623:v3:CG:c09:p15397703:dartreseq	15397703	C	G	0.0733471
snp:btx623:v3:AG:c09:p36666644:dartreseq	36666644	A	G	0.329029
snp:btx623:v3:AT:c09:p50800786:dartreseq	50800786	A	T	0.372417
snp:btx623:v3:CT:c09:p14962498:dartreseq	14962498	T	C	0.120351
snp:btx623:v3:AC:c09:p58623341:dartreseq	58623341	C	A	0.263946
snp:btx623:v3:CT:c09:p3087200:dartreseq	3087200	C	T	0.28719
snp:btx623:v3:AG:c09:p21413967:dartreseq	21413967	G	A	0.471074
snp:btx623:v3:AG:c09:p58801699:dartreseq	58801699	A	G	0.0929752
snp:btx623:v3:AT:c09:p55432029:dartreseq	55432029	T	A	0.0717975
snp:btx623:v3:CT:c09:p53945038:dartreseq	53945038	C	T	0.137913
snp:btx623:v3:AT:c09:p57728143:dartreseq	57728143	T	A	0.0640496
snp:btx623:v3:AG:c09:p21825424:dartreseq	21825424	G	A	0.269112
snp:btx623:v3:AG:c09:p49526880:dartreseq	49526880	G	A	0.0785124
snp:btx623:v3:CT:c09:p8286365:dartreseq	8286365	T	C	0.0532025
snp:btx623:v3:CG:c09:p2231133:dartreseq	2231133	C	G	0.173554
snp:btx623:v3:AT:c09:p9860965:dartreseq	9860965	T	A	0.295455
snp:btx623:v3:GT:c09:p52418860:dartreseq	52418860	G	T	0.465393
snp:btx623:v3:AC:c09:p47610301:dartreseq	47610301	A	C	0.292872
snp:btx623:v3:AC:c09:p3014813:dartreseq	3014813	C	A	0.495868
snp:btx623:v3:AG:c09:p14601366:dartreseq	14601366	G	A	0.332645
snp:btx623:v3:AG:c09:p10116224:dartreseq	10116224	A	G	0.387913
snp:btx623:v3:AC:c09:p51112418:dartreseq	51112418	A	C	0.296488
snp:btx623:v3:AG:c09:p43895655:dartreseq	43895655	G	A	0.0878099
snp:btx623:v3:AT:c09:p47889837:dartreseq	47889837	T	A	0.402376
snp:btx623:v3:AG:c09:p35265818:dartreseq	35265818	A	G	0.229855
snp:btx623:v3:AG:c09:p50539536:dartreseq	50539536	A	G	0.141012
snp:btx623:v3:AG:c09:p42950117:dartreseq	42950117	G	A	0.0841942
snp:btx623:v3:CT:c09:p47950092:dartreseq	47950092	C	T	0.0645661
snp:btx623:v3:CT:c09:p9883595:dartreseq	9883595	C	T	0.0831612
snp:btx623:v3:AG:c09:p56294330:dartreseq	56294330	G	A	0.141012
snp:btx623:v3:AT:c09:p51711637:dartreseq	51711637	A	T	0.0532025
snp:btx623:v3:CT:c09:p44027821:dartreseq	44027821	C	T	0.385331
snp:btx623:v3:AG:c09:p5955623:dartreseq	5955623	G	A	0.381715
snp:btx623:v3:CG:c09:p45560013:dartreseq	45560013	G	C	0.233988
snp:btx623:v3:AC:c09:p14473482:dartreseq	14473482	C	A	0.153926
snp:btx623:v3:GT:c09:p50470064:dartreseq	50470064	T	G	0.166839
snp:btx623:v3:AG:c09:p53172359:dartreseq	53172359	A	G	0.33781
snp:btx623:v3:AC:c09:p47865770:dartreseq	47865770	A	C	0.163223
snp:btx623:v3:CG:c09:p9096039:dartreseq	9096039	C	G	0.469525
snp:btx623:v3:CT:c09:p46038699:dartreseq	46038699	C	T	0.100723
snp:btx623:v3:CT:c09:p19023457:dartreseq	19023457	T	C	0.171488
snp:btx623:v3:AG:c09:p198203:dartreseq	198203	G	A	0.071281
snp:btx623:v3:CG:c09:p54609957:dartreseq	54609957	G	C	0.153409
snp:btx623:v3:GT:c09:p14025164:dartreseq	14025164	T	G	0.390496
snp:btx623:v3:AG:c09:p51923787:dartreseq	51923787	G	A	0.180785
snp:btx623:v3:CT:c09:p57544167:dartreseq	57544167	T	C	0.14876
snp:btx623:v3:AG:c09:p4720926:dartreseq	4720926	A	G	0.27686
snp:btx623:v3:AG:c09:p34668104:dartreseq	34668104	A	G	0.11157
snp:btx623:v3:AG:c09:p11055400:dartreseq	11055400	A	G	0.0542355
snp:btx623:v3:AG:c09:p47134627:dartreseq	47134627	G	A	0.0867769
snp:btx623:v3:AC:c09:p9827908:dartreseq	9827908	C	A	0.342975
snp:btx623:v3:CT:c09:p32299277:dartreseq	32299277	C	T	0.26343
snp:btx623:v3:AG:c09:p18318367:dartreseq	18318367	G	A	0.0625
snp:btx623:v3:CT:c09:p7362144:dartreseq	7362144	C	T	0.0733471
snp:btx623:v3:AG:c09:p8102700:dartreseq	8102700	G	A	0.121901
snp:btx623:v3:AT:c09:p14687102:dartreseq	14687102	A	T	0.0903926
snp:btx623:v3:GT:c09:p17789637:dartreseq	17789637	G	T	0.290806
snp:btx623:v3:CT:c09:p191974:dartreseq	191974	T	C	0.295455
snp:btx623:v3:CT:c09:p3297917:dartreseq	3297917	C	T	0.159091
snp:btx623:v3:GT:c09:p2974191:dartreseq	2974191	G	T	0.146178
snp:btx623:v3:CT:c09:p24606856:dartreseq	24606856	T	C	0.434917
snp:btx623:v3:CT:c09:p51725055:dartreseq	51725055	T	C	0.16374
snp:btx623:v3:CT:c09:p47573640:dartreseq	47573640	T	C	0.147211
snp:btx623:v3:AG:c09:p42949692:dartreseq	42949692	G	A	0.0971074
snp:btx623:v3:GT:c09:p54141642:dartreseq	54141642	T	G	0.0914256
snp:btx623:v3:GT:c09:p48227246:dartreseq	48227246	G	T	0.21126
snp:btx623:v3:AC:c09:p5036166:dartreseq	5036166	C	A	0.407541
snp:btx623:v3:CT:c09:p16978310:dartreseq	16978310	T	C	0.0852273
snp:btx623:v3:GT:c09:p47262213:dartreseq	47262213	T	G	0.258264
snp:btx623:v3:AG:c09:p25085348:dartreseq	25085348	G	A	0.286674
snp:btx623:v3:CT:c09:p57137224:dartreseq	57137224	C	T	0.052686
snp:btx623:v3:AC:c09:p56415213:dartreseq	56415213	A	C	0.17407
snp:btx623:v3:CT:c09:p23519564:dartreseq	23519564	C	T	0.374483
snp:btx623:v3:CT:c09:p7404395:dartreseq	7404395	T	C	0.072314
snp:btx623:v3:CT:c09:p14931731:dartreseq	14931731	C	T	0.0914256
snp:btx623:v3:CT:c09:p45776396:dartreseq	45776396	C	T	0.249483
snp:btx623:v3:GT:c09:p2671539:dartreseq	2671539	G	T	0.229855
snp:btx623:v3:AG:c09:p58511015:dartreseq	58511015	G	A	0.375517
snp:btx623:v3:GT:c09:p56596736:dartreseq	56596736	G	T	0.216942
snp:btx623:v3:CT:c09:p23120142:dartreseq	23120142	C	T	0.0697314
snp:btx623:v3:AC:c09:p6376294:dartreseq	6376294	A	C	0.197314
snp:btx623:v3:GT:c09:p21650727:dartreseq	21650727	T	G	0.301136
snp:btx623:v3:AC:c09:p3131658:dartreseq	3131658	C	A	0.129649
snp:btx623:v3:CT:c09:p8834209:dartreseq	8834209	C	T	0.25
snp:btx623:v3:AT:c09:p975774:dartreseq	975774	T	A	0.141012
snp:btx623:v3:AG:c09:p18201159:dartreseq	18201159	G	A	0.290289
snp:btx623:v3:AC:c09:p8531756:dartreseq	8531756	C	A	0.171488
snp:btx623:v3:AG:c09:p6799205:dartreseq	6799205	A	G	0.432851
snp:btx623:v3:AG:c09:p53261522:dartreseq	53261522	G	A	0.430785
snp:btx623:v3:AG:c09:p7294079:dartreseq	7294079	A	G	0.367769
snp:btx623:v3:AT:c09:p4747645:dartreseq	4747645	T	A	0.229855
snp:btx623:v3:CT:c09:p4050997:dartreseq	4050997	C	T	0.0878099
snp:btx623:v3:AC:c09:p25578536:dartreseq	25578536	A	C	0.472107
snp:btx623:v3:GT:c09:p5321219:dartreseq	5321219	T	G	0.383264
snp:btx623:v3:AG:c09:p1758887:dartreseq	1758887	G	A	0.125
snp:btx623:v3:AG:c09:p4988135:dartreseq	4988135	G	A	0.0625
snp:btx623:v3:CG:c09:p42838538:dartreseq	42838538	C	G	0.0991736
snp:btx623:v3:GT:c09:p8704252:dartreseq	8704252	T	G	0.369835
snp:btx623:v3:CT:c09:p52143427:dartreseq	52143427	C	T	0.342975
snp:btx623:v3:CG:c09:p13153351:dartreseq	13153351	G	C	0.283058
snp:btx623:v3:AT:c09:p42895393:dartreseq	42895393	T	A	0.219008
snp:btx623:v3:AG:c09:p3169237:dartreseq	3169237	G	A	0.0563017
snp:btx623:v3:AC:c09:p58329770:dartreseq	58329770	A	C	0.112603
snp:btx623:v3:CG:c09:p41139868:dartreseq	41139868	G	C	0.0599174
snp:btx623:v3:CT:c09:p53984183:dartreseq	53984183	T	C	0.302169
snp:btx623:v3:AT:c09:p42651291:dartreseq	42651291	A	T	0.155475
snp:btx623:v3:CT:c09:p1256171:dartreseq	1256171	C	T	0.18905
snp:btx623:v3:CT:c09:p5254875:dartreseq	5254875	T	C	0.22314
snp:btx623:v3:CG:c09:p40494532:dartreseq	40494532	C	G	0.405992
snp:btx623:v3:AG:c09:p404481:dartreseq	404481	G	A	0.207128
snp:btx623:v3:AG:c09:p57895245:dartreseq	57895245	G	A	0.362087
snp:btx623:v3:CT:c09:p42932135:dartreseq	42932135	C	T	0.0609504
snp:btx623:v3:GT:c09:p46787414:dartreseq	46787414	T	G	0.291839
snp:btx623:v3:CG:c09:p59012759:dartreseq	59012759	G	C	0.0867769
snp:btx623:v3:CT:c09:p6513105:dartreseq	6513105	T	C	0.178202
snp:btx623:v3:AT:c09:p2078343:dartreseq	2078343	A	T	0.15186
snp:btx623:v3:AG:c09:p2367356:dartreseq	2367356	A	G	0.104855
snp:btx623:v3:AG:c09:p2310815:dartreseq	2310815	A	G	0.272211
snp:btx623:v3:AG:c09:p6731267:dartreseq	6731267	A	G	0.125
snp:btx623:v3:CT:c09:p363071:dartreseq	363071	C	T	0.0635331
snp:btx623:v3:AC:c09:p11268060:dartreseq	11268060	C	A	0.0924587
snp:btx623:v3:AG:c09:p642627:dartreseq	642627	A	G	0.204029
snp:btx623:v3:AG:c09:p5696719:dartreseq	5696719	A	G	0.0867769
snp:btx623:v3:CT:c09:p10454522:dartreseq	10454522	C	T	0.0759298
snp:btx623:v3:AG:c09:p605325:dartreseq	605325	G	A	0.29907
snp:btx623:v3:CT:c09:p21314891:dartreseq	21314891	C	T	0.440083
snp:btx623:v3:CG:c09:p4817038:dartreseq	4817038	C	G	0.192665
snp:btx623:v3:CG:c09:p33574098:dartreseq	33574098	G	C	0.0733471
snp:btx623:v3:AG:c09:p10468431:dartreseq	10468431	A	G	0.360537
snp:btx623:v3:GT:c09:p49347382:dartreseq	49347382	T	G	0.286674
snp:btx623:v3:CG:c09:p1524554:dartreseq	1524554	C	G	0.385847
snp:btx623:v3:CT:c09:p14752748:dartreseq	14752748	C	T	0.0578512
snp:btx623:v3:CT:c09:p6493019:dartreseq	6493019	T	C	0.10124
snp:btx623:v3:CG:c09:p2629746:dartreseq	2629746	G	C	0.0506198
snp:btx623:v3:AG:c09:p49475794:dartreseq	49475794	A	G	0.159091
snp:btx623:v3:AC:c09:p3763279:dartreseq	3763279	C	A	0.105888
snp:btx623:v3:AC:c09:p53751726:dartreseq	53751726	A	C	0.176136
snp:btx623:v3:AC:c09:p42706036:dartreseq	42706036	C	A	0.263946
snp:btx623:v3:CT:c09:p5959463:dartreseq	5959463	T	C	0.466426
snp:btx623:v3:AC:c09:p44918017:dartreseq	44918017	C	A	0.331612
snp:btx623:v3:AG:c09:p52264210:dartreseq	52264210	A	G	0.0532025
snp:btx623:v3:AC:c09:p34446935:dartreseq	34446935	C	A	0.275826
snp:btx623:v3:AG:c09:p54127416:dartreseq	54127416	G	A	0.158058
snp:btx623:v3:AG:c09:p31349262:dartreseq	31349262	A	G	0.072314
snp:btx623:v3:GT:c09:p5510837:dartreseq	5510837	G	T	0.346074
snp:btx623:v3:CT:c09:p49421507:dartreseq	49421507	C	T	0.0661157
snp:btx623:v3:AG:c09:p57433849:dartreseq	57433849	G	A	0.287707
snp:btx623:v3:AC:c09:p58675965:dartreseq	58675965	C	A	0.237087
snp:btx623:v3:AT:c09:p37218242:dartreseq	37218242	A	T	0.411674
snp:btx623:v3:AT:c09:p36346867:dartreseq	36346867	A	T	0.274793
snp:btx623:v3:AG:c09:p32456706:dartreseq	32456706	G	A	0.281508
snp:btx623:v3:GT:c09:p3864773:dartreseq	3864773	G	T	0.177169
snp:btx623:v3:CT:c09:p42663553:dartreseq	42663553	T	C	0.468492
snp:btx623:v3:GT:c09:p6429879:dartreseq	6429879	T	G	0.284091
snp:btx623:v3:AG:c09:p829345:dartreseq	829345	A	G	0.419938
snp:btx623:v3:CT:c09:p39610667:dartreseq	39610667	C	T	0.0557851
snp:btx623:v3:AC:c09:p5963891:dartreseq	5963891	C	A	0.297521
snp:btx623:v3:GT:c09:p8322792:dartreseq	8322792	G	T	0.139979
snp:btx623:v3:AG:c09:p5006187:dartreseq	5006187	A	G	0.257231
snp:btx623:v3:AG:c09:p46134269:dartreseq	46134269	G	A	0.143595
snp:btx623:v3:CG:c09:p7282549:dartreseq	7282549	C	G	0.225723
snp:btx623:v3:CT:c09:p45497311:dartreseq	45497311	C	T	0.39876
snp:btx623:v3:CT:c09:p14481659:dartreseq	14481659	C	T	0.40186
snp:btx623:v3:AC:c09:p2951173:dartreseq	2951173	C	A	0.141529
snp:btx623:v3:CG:c09:p50365057:dartreseq	50365057	C	G	0.283574
snp:btx623:v3:AT:c09:p1257797:dartreseq	1257797	T	A	0.0552686
snp:btx623:v3:AG:c09:p39278993:dartreseq	39278993	A	G	0.153926
snp:btx623:v3:CG:c09:p5211009:dartreseq	5211009	C	G	0.410124
snp:btx623:v3:CT:c09:p23383628:dartreseq	23383628	T	C	0.313533
snp:btx623:v3:AG:c09:p31656353:dartreseq	31656353	G	A	0.360021
snp:btx623:v3:CT:c09:p59216477:dartreseq	59216477	C	T	0.0929752
snp:btx623:v3:AG:c09:p3886338:dartreseq	3886338	G	A	0.226756
snp:btx623:v3:AG:c09:p4130024:dartreseq	4130024	A	G	0.120868
snp:btx623:v3:CT:c09:p35173653:dartreseq	35173653	T	C	0.277893
snp:btx623:v3:CG:c09:p58002461:dartreseq	58002461	G	C	0.133264
snp:btx623:v3:CT:c09:p23707440:dartreseq	23707440	T	C	0.052686
snp:btx623:v3:AG:c09:p57968084:dartreseq	57968084	G	A	0.16064
snp:btx623:v3:AG:c09:p6558287:dartreseq	6558287	G	A	0.270145
snp:btx623:v3:CT:c09:p2707957:dartreseq	2707957	C	T	0.206095
snp:btx623:v3:GT:c09:p46550216:dartreseq	46550216	G	T	0.0573347
snp:btx623:v3:CT:c09:p47179664:dartreseq	47179664	T	C	0.486054
snp:btx623:v3:AT:c09:p46992522:dartreseq	46992522	A	T	0.403409
snp:btx623:v3:AC:c09:p163906:dartreseq	163906	A	C	0.131198
snp:btx623:v3:AC:c09:p10450812:dartreseq	10450812	C	A	0.327479
snp:btx623:v3:AG:c09:p23842352:dartreseq	23842352	G	A	0.241736
snp:btx623:v3:AC:c09:p3502497:dartreseq	3502497	C	A	0.123967
snp:btx623:v3:CT:c09:p47152335:dartreseq	47152335	T	C	0.13843
snp:btx623:v3:AG:c09:p52471898:dartreseq	52471898	A	G	0.456612
snp:btx623:v3:AG:c09:p1062628:dartreseq	1062628	G	A	0.158058
snp:btx623:v3:CT:c09:p6731109:dartreseq	6731109	T	C	0.417355
snp:btx623:v3:AG:c09:p383746:dartreseq	383746	G	A	0.0728306
snp:btx623:v3:AG:c09:p56693952:dartreseq	56693952	A	G	0.293905
snp:btx623:v3:AT:c09:p49812745:dartreseq	49812745	A	T	0.0816116
snp:btx623:v3:AG:c09:p54097645:dartreseq	54097645	A	G	0.117769
snp:btx623:v3:AC:c09:p51522207:dartreseq	51522207	A	C	0.102789
snp:btx623:v3:AC:c09:p2937624:dartreseq	2937624	A	C	0.227273
snp:btx623:v3:CT:c09:p41715228:dartreseq	41715228	T	C	0.494835
snp:btx623:v3:AT:c09:p50089282:dartreseq	50089282	A	T	0.303719
snp:btx623:v3:GT:c09:p33591502:dartreseq	33591502	G	T	0.404442
snp:btx623:v3:CG:c09:p5859547:dartreseq	5859547	G	C	0.315083
snp:btx623:v3:CT:c09:p2044499:dartreseq	2044499	C	T	0.0583678
snp:btx623:v3:CT:c09:p1723434:dartreseq	1723434	T	C	0.116736
snp:btx623:v3:AG:c09:p18198434:dartreseq	18198434	A	G	0.071281
snp:btx623:v3:AG:c09:p25355490:dartreseq	25355490	G	A	0.210227
snp:btx623:v3:AG:c09:p14583034:dartreseq	14583034	A	G	0.287707
snp:btx623:v3:CT:c09:p105830:dartreseq	105830	C	T	0.0681818
snp:btx623:v3:AC:c09:p230510:dartreseq	230510	C	A	0.0841942
snp:btx623:v3:AG:c09:p48975393:dartreseq	48975393	G	A	0.0841942
snp:btx623:v3:CT:c09:p9759550:dartreseq	9759550	T	C	0.34969
snp:btx623:v3:CG:c09:p42920849:dartreseq	42920849	G	C	0.345558
snp:btx623:v3:CG:c09:p35114336:dartreseq	35114336	G	C	0.0702479
snp:btx623:v3:AG:c09:p1253376:dartreseq	1253376	G	A	0.190599
snp:btx623:v3:CT:c09:p49548023:dartreseq	49548023	T	C	0.425103
snp:btx623:v3:AG:c09:p1867879:dartreseq	1867879	G	A	0.115186
snp:btx623:v3:AT:c09:p50255445:dartreseq	50255445	A	T	0.469008
snp:btx623:v3:GT:c09:p8650155:dartreseq	8650155	G	T	0.186983
snp:btx623:v3:AC:c09:p6639605:dartreseq	6639605	C	A	0.316632
snp:btx623:v3:CT:c09:p9317804:dartreseq	9317804	C	T	0.262397
snp:btx623:v3:AG:c09:p47680842:dartreseq	47680842	G	A	0.0609504
snp:btx623:v3:AC:c09:p45909399:dartreseq	45909399	C	A	0.318698
snp:btx623:v3:AC:c09:p1741752:dartreseq	1741752	C	A	0.0655992
snp:btx623:v3:AG:c09:p13879634:dartreseq	13879634	A	G	0.391529
snp:btx623:v3:CT:c09:p36819202:dartreseq	36819202	C	T	0.0872934
snp:btx623:v3:CG:c09:p3970884:dartreseq	3970884	C	G	0.243802
snp:btx623:v3:CG:c09:p7179582:dartreseq	7179582	G	C	0.0914256
snp:btx623:v3:AC:c09:p1562203:dartreseq	1562203	C	A	0.152376
snp:btx623:v3:AG:c09:p13357474:dartreseq	13357474	G	A	0.0645661
snp:btx623:v3:AC:c09:p49348869:dartreseq	49348869	A	C	0.331095
snp:btx623:v3:CT:c09:p50888760:dartreseq	50888760	C	T	0.245351
snp:btx623:v3:AT:c09:p44633848:dartreseq	44633848	T	A	0.167355
snp:btx623:v3:AG:c09:p5681480:dartreseq	5681480	A	G	0.295971
snp:btx623:v3:GT:c09:p38973543:dartreseq	38973543	T	G	0.052686
snp:btx623:v3:CG:c09:p26608180:dartreseq	26608180	G	C	0.0733471
snp:btx623:v3:CT:c09:p359283:dartreseq	359283	T	C	0.097624
snp:btx623:v3:AG:c09:p48871422:dartreseq	48871422	A	G	0.221074
snp:btx623:v3:CG:c09:p52089291:dartreseq	52089291	C	G	0.0640496
snp:btx623:v3:AG:c09:p5466978:dartreseq	5466978	A	G	0.151343
snp:btx623:v3:AG:c09:p53754561:dartreseq	53754561	A	G	0.34969
snp:btx623:v3:CT:c09:p37671773:dartreseq	37671773	T	C	0.0666322
snp:btx623:v3:AT:c09:p47141846:dartreseq	47141846	T	A	0.387397
snp:btx623:v3:CT:c09:p1811940:dartreseq	1811940	C	T	0.0707645
snp:btx623:v3:AG:c09:p42971017:dartreseq	42971017	G	A	0.136364
snp:btx623:v3:CT:c09:p3751804:dartreseq	3751804	C	T	0.0965909
snp:btx623:v3:AG:c09:p49799859:dartreseq	49799859	A	G	0.150826
snp:btx623:v3:AG:c09:p5268370:dartreseq	5268370	G	A	0.0697314
snp:btx623:v3:AC:c09:p3147509:dartreseq	3147509	C	A	0.143595
snp:btx623:v3:AT:c09:p49658166:dartreseq	49658166	A	T	0.088843
snp:btx623:v3:AT:c09:p5320221:dartreseq	5320221	T	A	0.271178
snp:btx623:v3:AG:c09:p21000052:dartreseq	21000052	G	A	0.112087
snp:btx623:v3:AT:c09:p4796582:dartreseq	4796582	A	T	0.26343
snp:btx623:v3:AG:c09:p50870547:dartreseq	50870547	G	A	0.332645
snp:btx623:v3:CT:c09:p4901588:dartreseq	4901588	T	C	0.0547521
snp:btx623:v3:AG:c09:p13736667:dartreseq	13736667	A	G	0.249483
snp:btx623:v3:CG:c09:p17434180:dartreseq	17434180	C	G	0.0697314
snp:btx623:v3:AG:c09:p5856522:dartreseq	5856522	G	A	0.396178
snp:btx623:v3:CT:c09:p48788767:dartreseq	48788767	C	T	0.0686983
snp:btx623:v3:AG:c09:p46046842:dartreseq	46046842	G	A	0.122934
snp:btx623:v3:AG:c09:p57775166:dartreseq	57775166	A	G	0.119318
snp:btx623:v3:AT:c09:p15806861:dartreseq	15806861	T	A	0.245351
snp:btx623:v3:AC:c09:p25662686:dartreseq	25662686	A	C	0.37655
snp:btx623:v3:AG:c09:p50654680:dartreseq	50654680	G	A	0.0676653
snp:btx623:v3:AG:c09:p4908054:dartreseq	4908054	G	A	0.125
snp:btx623:v3:CT:c09:p52755602:dartreseq	52755602	C	T	0.272727
snp:btx623:v3:AG:c09:p42803988:dartreseq	42803988	G	A	0.357438
snp:btx623:v3:CT:c09:p51548510:dartreseq	51548510	T	C	0.0872934
snp:btx623:v3:AC:c09:p48080649:dartreseq	48080649	C	A	0.0816116
snp:btx623:v3:AG:c09:p1490451:dartreseq	1490451	G	A	0.264463
snp:btx623:v3:AG:c09:p10592104:dartreseq	10592104	G	A	0.17407
snp:btx623:v3:CT:c09:p39175933:dartreseq	39175933	C	T	0.316632
snp:btx623:v3:AG:c09:p10268193:dartreseq	10268193	A	G	0.362087
snp:btx623:v3:AG:c09:p9056774:dartreseq	9056774	A	G	0.33936
snp:btx623:v3:CT:c09:p54723632:dartreseq	54723632	T	C	0.402893
snp:btx623:v3:AC:c09:p1734914:dartreseq	1734914	C	A	0.366219
snp:btx623:v3:AG:c09:p17493000:dartreseq	17493000	G	A	0.0568182
snp:btx623:v3:CT:c09:p46481001:dartreseq	46481001	T	C	0.393595
snp:btx623:v3:AG:c09:p1775480:dartreseq	1775480	G	A	0.181302
snp:btx623:v3:AC:c09:p52097244:dartreseq	52097244	A	C	0.211777
snp:btx623:v3:GT:c09:p15004033:dartreseq	15004033	T	G	0.289773
snp:btx623:v3:AG:c09:p56069100:dartreseq	56069100	G	A	0.186983
snp:btx623:v3:AC:c09:p26297038:dartreseq	26297038	A	C	0.310434
snp:btx623:v3:CG:c09:p13317623:dartreseq	13317623	G	C	0.114669
snp:btx623:v3:GT:c09:p45818218:dartreseq	45818218	T	G	0.14876
snp:btx623:v3:CT:c09:p5134639:dartreseq	5134639	T	C	0.183368
snp:btx623:v3:AG:c09:p4377979:dartreseq	4377979	G	A	0.131715
snp:btx623:v3:CT:c09:p52402259:dartreseq	52402259	T	C	0.15186
snp:btx623:v3:AG:c09:p56623045:dartreseq	56623045	A	G	0.168388
snp:btx623:v3:AG:c09:p3084302:dartreseq	3084302	A	G	0.237603
snp:btx623:v3:CT:c09:p9767876:dartreseq	9767876	T	C	0.376033
snp:btx623:v3:AG:c09:p8429575:dartreseq	8429575	G	A	0.469008
snp:btx623:v3:AG:c09:p4207143:dartreseq	4207143	A	G	0.405992
snp:btx623:v3:GT:c09:p6490363:dartreseq	6490363	G	T	0.097624
snp:btx623:v3:CT:c09:p52462332:dartreseq	52462332	T	C	0.100723
snp:btx623:v3:CT:c09:p44358688:dartreseq	44358688	C	T	0.192665
snp:btx623:v3:CT:c09:p39177804:dartreseq	39177804	C	T	0.0847107
snp:btx623:v3:CG:c09:p10164402:dartreseq	10164402	G	C	0.428719
snp:btx623:v3:AC:c09:p4415828:dartreseq	4415828	A	C	0.267562
snp:btx623:v3:CT:c09:p49796561:dartreseq	49796561	C	T	0.0826446
snp:btx623:v3:AT:c09:p55630229:dartreseq	55630229	T	A	0.378099
snp:btx623:v3:AG:c09:p45524301:dartreseq	45524301	A	G	0.326963
snp:btx623:v3:CT:c09:p43153045:dartreseq	43153045	C	T	0.191116
snp:btx623:v3:CT:c09:p13440964:dartreseq	13440964	T	C	0.339876
snp:btx623:v3:CT:c09:p14100859:dartreseq	14100859	T	C	0.130165
snp:btx623:v3:AG:c09:p52072288:dartreseq	52072288	G	A	0.0785124
snp:btx623:v3:AG:c09:p56054884:dartreseq	56054884	A	G	0.308368
snp:btx623:v3:CT:c09:p13731829:dartreseq	13731829	C	T	0.118802
snp:btx623:v3:CG:c09:p49615021:dartreseq	49615021	G	C	0.102789
snp:btx623:v3:AG:c09:p6779214:dartreseq	6779214	A	G	0.28564
snp:btx623:v3:CT:c09:p44272116:dartreseq	44272116	C	T	0.202996
snp:btx623:v3:CT:c09:p374806:dartreseq	374806	C	T	0.0950413
snp:btx623:v3:AT:c09:p40270447:dartreseq	40270447	T	A	0.252583
snp:btx623:v3:CT:c09:p4687974:dartreseq	4687974	C	T	0.272211
snp:btx623:v3:AG:c09:p47605054:dartreseq	47605054	G	A	0.353306
snp:btx623:v3:AG:c09:p52245751:dartreseq	52245751	G	A	0.489669
snp:btx623:v3:AG:c09:p8971683:dartreseq	8971683	G	A	0.0929752
snp:btx623:v3:AT:c09:p31147980:dartreseq	31147980	T	A	0.212293
snp:btx623:v3:AG:c09:p46042159:dartreseq	46042159	G	A	0.444731
snp:btx623:v3:AG:c09:p53070202:dartreseq	53070202	A	G	0.37655
snp:btx623:v3:CG:c09:p55408590:dartreseq	55408590	G	C	0.0919421
snp:btx623:v3:AT:c09:p54017546:dartreseq	54017546	T	A	0.141012
snp:btx623:v3:GT:c09:p8245933:dartreseq	8245933	T	G	0.419938
snp:btx623:v3:CT:c09:p58855915:dartreseq	58855915	T	C	0.373967
snp:btx623:v3:AT:c09:p4526982:dartreseq	4526982	A	T	0.384814
snp:btx623:v3:AC:c09:p47204568:dartreseq	47204568	C	A	0.262397
snp:btx623:v3:AT:c09:p48187841:dartreseq	48187841	T	A	0.472624
snp:btx623:v3:CT:c09:p3366411:dartreseq	3366411	T	C	0.32438
snp:btx623:v3:GT:c09:p35266048:dartreseq	35266048	G	T	0.0594008
snp:btx623:v3:CT:c09:p45560364:dartreseq	45560364	C	T	0.0619835
snp:btx623:v3:AT:c09:p46908776:dartreseq	46908776	A	T	0.0578512
snp:btx623:v3:CT:c09:p4089643:dartreseq	4089643	T	C	0.136364
snp:btx623:v3:AT:c09:p33276115:dartreseq	33276115	A	T	0.0671488
snp:btx623:v3:AG:c09:p47324308:dartreseq	47324308	G	A	0.142562
snp:btx623:v3:AG:c09:p50955429:dartreseq	50955429	G	A	0.288223
snp:btx623:v3:CT:c09:p12056518:dartreseq	12056518	C	T	0.0779959
snp:btx623:v3:CG:c09:p6169510:dartreseq	6169510	C	G	0.390496
snp:btx623:v3:AG:c09:p40270475:dartreseq	40270475	A	G	0.352273
snp:btx623:v3:AT:c09:p47005108:dartreseq	47005108	T	A	0.209194
snp:btx623:v3:GT:c09:p49589918:dartreseq	49589918	T	G	0.210744
snp:btx623:v3:AG:c09:p1870023:dartreseq	1870023	G	A	0.21126
snp:btx623:v3:AG:c09:p58813565:dartreseq	58813565	A	G	0.0599174
snp:btx623:v3:AT:c09:p53278084:dartreseq	53278084	A	T	0.46126
snp:btx623:v3:AG:c09:p52989094:dartreseq	52989094	A	G	0.383264
snp:btx623:v3:AG:c09:p54510791:dartreseq	54510791	G	A	0.181818
snp:btx623:v3:CT:c09:p44557578:dartreseq	44557578	C	T	0.107438
snp:btx623:v3:AG:c09:p475797:dartreseq	475797	A	G	0.133781
snp:btx623:v3:AG:c09:p38803200:dartreseq	38803200	G	A	0.270145
snp:btx623:v3:GT:c09:p50745902:dartreseq	50745902	G	T	0.154959
snp:btx623:v3:AG:c09:p18431817:dartreseq	18431817	A	G	0.362603
snp:btx623:v3:CT:c09:p4749247:dartreseq	4749247	C	T	0.246384
snp:btx623:v3:CT:c09:p56718182:dartreseq	56718182	T	C	0.143079
snp:btx623:v3:AC:c09:p50291475:dartreseq	50291475	A	C	0.0599174
snp:btx623:v3:CG:c09:p57719455:dartreseq	57719455	G	C	0.0857438
snp:btx623:v3:AT:c09:p57422919:dartreseq	57422919	T	A	0.100723
snp:btx623:v3:AT:c09:p2210353:dartreseq	2210353	T	A	0.115702
snp:btx623:v3:AC:c09:p46060143:dartreseq	46060143	A	C	0.317149
snp:btx623:v3:AG:c09:p58269145:dartreseq	58269145	A	G	0.134814
snp:btx623:v3:CT:c09:p57398944:dartreseq	57398944	C	T	0.177169
snp:btx623:v3:AG:c09:p50483601:dartreseq	50483601	G	A	0.107438
snp:btx623:v3:AC:c09:p52851885:dartreseq	52851885	C	A	0.0785124
snp:btx623:v3:AT:c09:p57681664:dartreseq	57681664	A	T	0.052686
snp:btx623:v3:GT:c09:p882880:dartreseq	882880	G	T	0.106405
snp:btx623:v3:CT:c09:p2228367:dartreseq	2228367	C	T	0.283574
snp:btx623:v3:AG:c09:p56375761:dartreseq	56375761	A	G	0.104855
snp:btx623:v3:AG:c09:p17730515:dartreseq	17730515	G	A	0.246384
snp:btx623:v3:AC:c09:p45514847:dartreseq	45514847	A	C	0.375
snp:btx623:v3:CT:c09:p38368102:dartreseq	38368102	C	T	0.254132
snp:btx623:v3:GT:c09:p1736733:dartreseq	1736733	G	T	0.389463
snp:btx623:v3:AG:c09:p22731536:dartreseq	22731536	A	G	0.202996
snp:btx623:v3:CT:c09:p2425846:dartreseq	2425846	T	C	0.466942
snp:btx623:v3:AG:c09:p507457:dartreseq	507457	A	G	0.0929752
snp:btx623:v3:AG:c09:p35954124:dartreseq	35954124	G	A	0.0511364
snp:btx623:v3:CT:c09:p11609312:dartreseq	11609312	C	T	0.0903926
snp:btx623:v3:AC:c09:p48445112:dartreseq	48445112	C	A	0.465393
snp:btx623:v3:AG:c09:p10413796:dartreseq	10413796	G	A	0.0929752
snp:btx623:v3:AG:c09:p39827789:dartreseq	39827789	G	A	0.0635331
snp:btx623:v3:CT:c09:p5532625:dartreseq	5532625	C	T	0.0883264
snp:btx623:v3:GT:c09:p34712213:dartreseq	34712213	G	T	0.362087
snp:btx623:v3:CT:c09:p55698868:dartreseq	55698868	C	T	0.209711
snp:btx623:v3:CT:c09:p57829948:dartreseq	57829948	T	C	0.0594008
snp:btx623:v3:CT:c09:p1316169:dartreseq	1316169	T	C	0.16064
snp:btx623:v3:AT:c09:p12085525:dartreseq	12085525	T	A	0.48812
snp:btx623:v3:CT:c09:p56602034:dartreseq	56602034	C	T	0.230372
snp:btx623:v3:AG:c09:p52081484:dartreseq	52081484	A	G	0.0614669
snp:btx623:v3:CT:c09:p50505359:dartreseq	50505359	T	C	0.420455
snp:btx623:v3:CT:c09:p1551536:dartreseq	1551536	T	C	0.460744
snp:btx623:v3:CG:c09:p5408098:dartreseq	5408098	C	G	0.149277
snp:btx623:v3:AG:c09:p48374933:dartreseq	48374933	A	G	0.367769
snp:btx623:v3:AT:c09:p41824900:dartreseq	41824900	T	A	0.0754132
snp:btx623:v3:AC:c09:p1788455:dartreseq	1788455	C	A	0.227273
snp:btx623:v3:CT:c09:p15013426:dartreseq	15013426	C	T	0.253099
snp:btx623:v3:AG:c09:p53946113:dartreseq	53946113	A	G	0.145145
snp:btx623:v3:CG:c09:p54927247:dartreseq	54927247	G	C	0.0774793
snp:btx623:v3:CT:c09:p58544578:dartreseq	58544578	C	T	0.237603
snp:btx623:v3:AG:c09:p53405736:dartreseq	53405736	A	G	0.117769
snp:btx623:v3:AG:c09:p9560481:dartreseq	9560481	G	A	0.397211
snp:btx623:v3:AC:c09:p1462002:dartreseq	1462002	C	A	0.209711
snp:btx623:v3:AC:c09:p9181409:dartreseq	9181409	A	C	0.332645
snp:btx623:v3:AC:c09:p4662617:dartreseq	4662617	A	C	0.479855
snp:btx623:v3:AG:c09:p55234657:dartreseq	55234657	A	G	0.0671488
snp:btx623:v3:AT:c09:p38921281:dartreseq	38921281	T	A	0.459194
snp:btx623:v3:CG:c09:p45045338:dartreseq	45045338	G	C	0.0960744
snp:btx623:v3:CT:c09:p6683833:dartreseq	6683833	C	T	0.167355
snp:btx623:v3:AT:c09:p50756117:dartreseq	50756117	A	T	0.374483
snp:btx623:v3:CT:c09:p49617853:dartreseq	49617853	C	T	0.0821281
snp:btx623:v3:CG:c09:p3685496:dartreseq	3685496	G	C	0.479855
snp:btx623:v3:CG:c09:p13193980:dartreseq	13193980	C	G	0.307851
snp:btx623:v3:AT:c09:p7036018:dartreseq	7036018	A	T	0.192665
snp:btx623:v3:AT:c09:p50581586:dartreseq	50581586	A	T	0.208678
snp:btx623:v3:GT:c09:p1046536:dartreseq	1046536	G	T	0.253616
snp:btx623:v3:AT:c09:p40167364:dartreseq	40167364	T	A	0.380682
snp:btx623:v3:CG:c09:p49901926:dartreseq	49901926	G	C	0.0867769
snp:btx623:v3:AG:c09:p11351356:dartreseq	11351356	G	A	0.413223
snp:btx623:v3:AG:c09:p58082436:dartreseq	58082436	A	G	0.259814
snp:btx623:v3:AG:c09:p2523827:dartreseq	2523827	A	G	0.231405
snp:btx623:v3:CT:c09:p57903190:dartreseq	57903190	T	C	0.0929752
snp:btx623:v3:CT:c09:p10387468:dartreseq	10387468	T	C	0.173554
snp:btx623:v3:AG:c09:p25215911:dartreseq	25215911	G	A	0.275826
snp:btx623:v3:AG:c09:p50104515:dartreseq	50104515	G	A	0.209194
snp:btx623:v3:AG:c09:p54127810:dartreseq	54127810	G	A	0.0676653
snp:btx623:v3:AC:c09:p52916388:dartreseq	52916388	A	C	0.447314
snp:btx623:v3:AG:c09:p46800912:dartreseq	46800912	A	G	0.100207
snp:btx623:v3:CT:c09:p20958098:dartreseq	20958098	T	C	0.458161
snp:btx623:v3:CT:c09:p23600641:dartreseq	23600641	C	T	0.242769
snp:btx623:v3:CT:c09:p44169277:dartreseq	44169277	C	T	0.0702479
snp:btx623:v3:AG:c09:p2399908:dartreseq	2399908	A	G	0.0929752
snp:btx623:v3:AG:c09:p14196326:dartreseq	14196326	A	G	0.0594008
snp:btx623:v3:CT:c09:p44164174:dartreseq	44164174	T	C	0.251033
snp:btx623:v3:AT:c09:p58444960:dartreseq	58444960	A	T	0.0506198
snp:btx623:v3:GT:c09:p6128270:dartreseq	6128270	T	G	0.0650826
snp:btx623:v3:AG:c09:p18163526:dartreseq	18163526	G	A	0.270145
snp:btx623:v3:CT:c09:p58610477:dartreseq	58610477	C	T	0.253616
snp:btx623:v3:AG:c09:p1786305:dartreseq	1786305	A	G	0.190599
snp:btx623:v3:AT:c09:p22358140:dartreseq	22358140	A	T	0.254132
snp:btx623:v3:CT:c09:p14399966:dartreseq	14399966	C	T	0.4375
snp:btx623:v3:CT:c09:p43742589:dartreseq	43742589	C	T	0.0661157
snp:btx623:v3:CG:c09:p8156261:dartreseq	8156261	G	C	0.342975
snp:btx623:v3:CG:c09:p40428610:dartreseq	40428610	C	G	0.0686983
snp:btx623:v3:CT:c09:p53756755:dartreseq	53756755	C	T	0.0754132
snp:btx623:v3:AG:c09:p40380686:dartreseq	40380686	G	A	0.106405
snp:btx623:v3:CT:c09:p19227948:dartreseq	19227948	C	T	0.231405
snp:btx623:v3:AG:c09:p1569093:dartreseq	1569093	G	A	0.186467
snp:btx623:v3:CT:c09:p1631438:dartreseq	1631438	C	T	0.121901
snp:btx623:v3:CG:c09:p50609953:dartreseq	50609953	G	C	0.101756
snp:btx623:v3:CT:c09:p41603807:dartreseq	41603807	C	T	0.338843
snp:btx623:v3:GT:c09:p52687701:dartreseq	52687701	G	T	0.227273
snp:btx623:v3:AG:c09:p42965242:dartreseq	42965242	A	G	0.191116
snp:btx623:v3:CT:c09:p52077504:dartreseq	52077504	C	T	0.0707645
snp:btx623:v3:CG:c09:p57839073:dartreseq	57839073	G	C	0.341426
snp:btx623:v3:CG:c09:p1620896:dartreseq	1620896	C	G	0.495351
snp:btx623:v3:CT:c09:p114608:dartreseq	114608	C	T	0.0697314
snp:btx623:v3:CT:c09:p9355911:dartreseq	9355911	T	C	0.266529
snp:btx623:v3:AC:c09:p6504241:dartreseq	6504241	A	C	0.397211
snp:btx623:v3:AG:c09:p21874080:dartreseq	21874080	G	A	0.284091
snp:btx623:v3:CG:c09:p85106:dartreseq	85106	C	G	0.400826
snp:btx623:v3:AG:c09:p2927040:dartreseq	2927040	G	A	0.130682
snp:btx623:v3:CG:c09:p42846291:dartreseq	42846291	C	G	0.496384
snp:btx623:v3:AT:c09:p2409591:dartreseq	2409591	A	T	0.127583
snp:btx623:v3:CG:c09:p51609776:dartreseq	51609776	C	G	0.101756
snp:btx623:v3:CG:c09:p49059004:dartreseq	49059004	G	C	0.0945248
snp:btx623:v3:AT:c09:p54085672:dartreseq	54085672	A	T	0.0878099
snp:btx623:v3:GT:c09:p52124686:dartreseq	52124686	G	T	0.432851
snp:btx623:v3:AG:c09:p42897310:dartreseq	42897310	A	G	0.214876
snp:btx623:v3:AG:c09:p3474844:dartreseq	3474844	G	A	0.0764463
snp:btx623:v3:CT:c09:p52782418:dartreseq	52782418	C	T	0.0542355
snp:btx623:v3:AG:c09:p8622364:dartreseq	8622364	G	A	0.287707
snp:btx623:v3:AG:c09:p3518836:dartreseq	3518836	G	A	0.0599174
snp:btx623:v3:GT:c09:p3311922:dartreseq	3311922	T	G	0.193698
snp:btx623:v3:CT:c09:p4183026:dartreseq	4183026	T	C	0.0795455
snp:btx623:v3:AG:c09:p10149352:dartreseq	10149352	G	A	0.29907
snp:btx623:v3:CG:c09:p7372993:dartreseq	7372993	C	G	0.135331
snp:btx623:v3:CT:c09:p58661116:dartreseq	58661116	C	T	0.0697314
snp:btx623:v3:GT:c09:p1609510:dartreseq	1609510	G	T	0.494835
snp:btx623:v3:AG:c09:p51365077:dartreseq	51365077	A	G	0.390496
snp:btx623:v3:GT:c09:p52479970:dartreseq	52479970	G	T	0.431302
snp:btx623:v3:CT:c09:p55565173:dartreseq	55565173	T	C	0.126033
snp:btx623:v3:AT:c09:p51454004:dartreseq	51454004	T	A	0.179752
snp:btx623:v3:AG:c09:p6958229:dartreseq	6958229	A	G	0.302169
snp:btx623:v3:CT:c09:p47824875:dartreseq	47824875	C	T	0.0697314
snp:btx623:v3:CT:c09:p24935895:dartreseq	24935895	T	C	0.237087
snp:btx623:v3:AG:c09:p44191740:dartreseq	44191740	G	A	0.0661157
snp:btx623:v3:AG:c09:p8499231:dartreseq	8499231	G	A	0.0960744
snp:btx623:v3:AC:c09:p5859394:dartreseq	5859394	C	A	0.0547521
snp:btx623:v3:CT:c09:p54860905:dartreseq	54860905	T	C	0.072314
snp:btx623:v3:CT:c09:p52423823:dartreseq	52423823	T	C	0.458678
snp:btx623:v3:GT:c09:p2392087:dartreseq	2392087	G	T	0.0676653
snp:btx623:v3:CT:c09:p2180339:dartreseq	2180339	C	T	0.41374
snp:btx623:v3:CT:c09:p47943656:dartreseq	47943656	C	T	0.292872
snp:btx623:v3:AG:c09:p3708365:dartreseq	3708365	G	A	0.0635331
snp:btx623:v3:CT:c09:p6770254:dartreseq	6770254	T	C	0.0764463
snp:btx623:v3:CT:c09:p6692231:dartreseq	6692231	T	C	0.232955
snp:btx623:v3:AG:c09:p8022903:dartreseq	8022903	G	A	0.0779959
snp:btx623:v3:CT:c09:p47202986:dartreseq	47202986	C	T	0.21281
snp:btx623:v3:AC:c09:p40384461:dartreseq	40384461	A	C	0.0707645
snp:btx623:v3:CG:c09:p10832084:dartreseq	10832084	G	C	0.0790289
snp:btx623:v3:CT:c09:p11164813:dartreseq	11164813	C	T	0.295971
snp:btx623:v3:GT:c09:p9327824:dartreseq	9327824	T	G	0.0635331
snp:btx623:v3:CT:c09:p17764437:dartreseq	17764437	T	C	0.432335
snp:btx623:v3:CT:c09:p12077460:dartreseq	12077460	C	T	0.0614669
snp:btx623:v3:AC:c09:p2841920:dartreseq	2841920	C	A	0.052686
snp:btx623:v3:AG:c09:p14371252:dartreseq	14371252	A	G	0.497934
snp:btx623:v3:CT:c09:p8646554:dartreseq	8646554	T	C	0.0681818
snp:btx623:v3:CT:c09:p956853:dartreseq	956853	C	T	0.098657
snp:btx623:v3:CT:c09:p41193680:dartreseq	41193680	C	T	0.0893595
snp:btx623:v3:CG:c09:p4974315:dartreseq	4974315	C	G	0.429236
snp:btx623:v3:GT:c09:p49436549:dartreseq	49436549	T	G	0.197831
snp:btx623:v3:AC:c09:p4281093:dartreseq	4281093	C	A	0.0759298
snp:btx623:v3:AG:c09:p2529229:dartreseq	2529229	A	G	0.377583
snp:btx623:v3:AG:c09:p1616532:dartreseq	1616532	A	G	0.335744
snp:btx623:v3:AG:c09:p2091557:dartreseq	2091557	G	A	0.394112
snp:btx623:v3:AT:c09:p47593757:dartreseq	47593757	T	A	0.263946
snp:btx623:v3:AT:c09:p19819239:dartreseq	19819239	T	A	0.455062
snp:btx623:v3:CT:c09:p17284701:dartreseq	17284701	T	C	0.0614669
snp:btx623:v3:AT:c09:p3941203:dartreseq	3941203	T	A	0.071281
snp:btx623:v3:AG:c09:p44788905:dartreseq	44788905	G	A	0.254132
snp:btx623:v3:CT:c09:p3167852:dartreseq	3167852	T	C	0.429236
snp:btx623:v3:AG:c09:p14440496:dartreseq	14440496	A	G	0.441632
snp:btx623:v3:AG:c09:p51746694:dartreseq	51746694	G	A	0.251033
snp:btx623:v3:CT:c09:p2688415:dartreseq	2688415	C	T	0.442149
snp:btx623:v3:AG:c09:p52088967:dartreseq	52088967	A	G	0.0532025
snp:btx623:v3:CT:c09:p40704273:dartreseq	40704273	T	C	0.0532025
snp:btx623:v3:AC:c09:p8334309:dartreseq	8334309	C	A	0.135847
snp:btx623:v3:CG:c09:p58053671:dartreseq	58053671	C	G	0.120351
snp:btx623:v3:AG:c09:p1514210:dartreseq	1514210	A	G	0.147727
snp:btx623:v3:AG:c09:p51567397:dartreseq	51567397	G	A	0.441632
snp:btx623:v3:AG:c09:p57158455:dartreseq	57158455	A	G	0.125517
snp:btx623:v3:GT:c09:p13332391:dartreseq	13332391	G	T	0.0614669
snp:btx623:v3:GT:c09:p57799896:dartreseq	57799896	G	T	0.0552686
snp:btx623:v3:AC:c09:p8281874:dartreseq	8281874	C	A	0.0805785
snp:btx623:v3:AC:c09:p3333105:dartreseq	3333105	C	A	0.0769628
snp:btx623:v3:AG:c09:p13059023:dartreseq	13059023	G	A	0.0645661
snp:btx623:v3:AG:c09:p6205548:dartreseq	6205548	G	A	0.193698
snp:btx623:v3:CT:c09:p50056695:dartreseq	50056695	T	C	0.080062
snp:btx623:v3:GT:c09:p2904286:dartreseq	2904286	G	T	0.325413
snp:btx623:v3:CT:c09:p8911128:dartreseq	8911128	T	C	0.0702479
snp:btx623:v3:CG:c09:p16642969:dartreseq	16642969	C	G	0.0692149
snp:btx623:v3:AC:c09:p43967268:dartreseq	43967268	A	C	0.198864
snp:btx623:v3:AG:c09:p2968425:dartreseq	2968425	A	G	0.275826
snp:btx623:v3:CT:c09:p53521661:dartreseq	53521661	C	T	0.10124
snp:btx623:v3:CT:c09:p36451861:dartreseq	36451861	C	T	0.292872
snp:btx623:v3:GT:c09:p48378430:dartreseq	48378430	G	T	0.352789
snp:btx623:v3:AG:c09:p44575647:dartreseq	44575647	G	A	0.404442
snp:btx623:v3:AG:c09:p2170554:dartreseq	2170554	G	A	0.0568182
snp:btx623:v3:CT:c09:p775260:dartreseq	775260	T	C	0.43595
snp:btx623:v3:CT:c09:p54463968:dartreseq	54463968	C	T	0.125517
snp:btx623:v3:AC:c09:p52694814:dartreseq	52694814	C	A	0.249483
snp:btx623:v3:GT:c09:p51764579:dartreseq	51764579	T	G	0.142045
snp:btx623:v3:AG:c09:p52156861:dartreseq	52156861	G	A	0.403409
snp:btx623:v3:CT:c09:p4817215:dartreseq	4817215	C	T	0.470558
snp:btx623:v3:CG:c09:p45414739:dartreseq	45414739	G	C	0.177169
snp:btx623:v3:AT:c09:p45981667:dartreseq	45981667	A	T	0.0893595
snp:btx623:v3:CT:c09:p5963416:dartreseq	5963416	T	C	0.233471
snp:btx623:v3:AC:c09:p43085277:dartreseq	43085277	C	A	0.199897
snp:btx623:v3:AG:c09:p10239669:dartreseq	10239669	G	A	0.169421
snp:btx623:v3:AT:c09:p40816817:dartreseq	40816817	T	A	0.471074
snp:btx623:v3:CT:c09:p54793154:dartreseq	54793154	C	T	0.0588843
snp:btx623:v3:CT:c09:p9286730:dartreseq	9286730	T	C	0.128616
snp:btx623:v3:AG:c09:p40647352:dartreseq	40647352	A	G	0.363636
snp:btx623:v3:GT:c09:p47606519:dartreseq	47606519	G	T	0.298554
snp:btx623:v3:CT:c09:p51521422:dartreseq	51521422	T	C	0.457645
snp:btx623:v3:AG:c09:p5829070:dartreseq	5829070	A	G	0.0671488
snp:btx623:v3:AG:c09:p2647672:dartreseq	2647672	A	G	0.182851
snp:btx623:v3:AG:c09:p35617699:dartreseq	35617699	A	G	0.253616
snp:btx623:v3:GT:c09:p49803067:dartreseq	49803067	G	T	0.152376
snp:btx623:v3:AG:c09:p9730794:dartreseq	9730794	A	G	0.053719
snp:btx623:v3:AG:c09:p999398:dartreseq	999398	G	A	0.247934
snp:btx623:v3:AC:c09:p13711766:dartreseq	13711766	C	A	0.0867769
snp:btx623:v3:AG:c09:p4482085:dartreseq	4482085	A	G	0.17562
snp:btx623:v3:AG:c09:p39989998:dartreseq	39989998	G	A	0.149277
snp:btx623:v3:CT:c09:p3247123:dartreseq	3247123	C	T	0.0872934
snp:btx623:v3:CT:c09:p43827266:dartreseq	43827266	C	T	0.0671488
snp:btx623:v3:AG:c09:p53577869:dartreseq	53577869	G	A	0.310434
snp:btx623:v3:AG:c09:p21206615:dartreseq	21206615	A	G	0.216426
snp:btx623:v3:AG:c09:p14404726:dartreseq	14404726	G	A	0.289256
snp:btx623:v3:AG:c09:p52151594:dartreseq	52151594	A	G	0.410124
snp:btx623:v3:AG:c09:p45815973:dartreseq	45815973	G	A	0.112603
snp:btx623:v3:AC:c09:p40630443:dartreseq	40630443	C	A	0.0919421
snp:btx623:v3:CT:c09:p5542755:dartreseq	5542755	C	T	0.292872
snp:btx623:v3:AG:c09:p44823789:dartreseq	44823789	A	G	0.172521
snp:btx623:v3:CT:c09:p24580125:dartreseq	24580125	C	T	0.298037
snp:btx623:v3:GT:c09:p49459011:dartreseq	49459011	G	T	0.151343
snp:btx623:v3:AT:c09:p4311617:dartreseq	4311617	T	A	0.229339
snp:btx623:v3:GT:c09:p14098227:dartreseq	14098227	G	T	0.201963
snp:btx623:v3:AG:c09:p58293156:dartreseq	58293156	G	A	0.0702479
snp:btx623:v3:CG:c09:p53069432:dartreseq	53069432	G	C	0.104339
snp:btx623:v3:AC:c09:p5265031:dartreseq	5265031	C	A	0.213326
snp:btx623:v3:AG:c09:p5323236:dartreseq	5323236	A	G	0.0697314
snp:btx623:v3:CT:c09:p42904486:dartreseq	42904486	T	C	0.418388
snp:btx623:v3:CG:c09:p57905050:dartreseq	57905050	G	C	0.235537
snp:btx623:v3:CT:c09:p244834:dartreseq	244834	T	C	0.246384
snp:btx623:v3:AG:c09:p57861865:dartreseq	57861865	G	A	0.419938
snp:btx623:v3:AC:c09:p44165:dartreseq	44165	A	C	0.0635331
snp:btx623:v3:GT:c09:p4270064:dartreseq	4270064	T	G	0.43595
snp:btx623:v3:CG:c09:p49265622:dartreseq	49265622	C	G	0.0774793
snp:btx623:v3:AG:c09:p58646660:dartreseq	58646660	G	A	0.134298
snp:btx623:v3:CT:c09:p44783076:dartreseq	44783076	T	C	0.105372
snp:btx623:v3:CT:c09:p48777668:dartreseq	48777668	C	T	0.446281
snp:btx623:v3:AG:c09:p43335119:dartreseq	43335119	A	G	0.0733471
snp:btx623:v3:CT:c09:p14601186:dartreseq	14601186	C	T	0.0552686
snp:btx623:v3:CG:c09:p46098378:dartreseq	46098378	C	G	0.0516529
snp:btx623:v3:CT:c09:p8532578:dartreseq	8532578	T	C	0.243802
snp:btx623:v3:GT:c09:p51985926:dartreseq	51985926	G	T	0.22624
snp:btx623:v3:CT:c09:p37644755:dartreseq	37644755	C	T	0.331095
snp:btx623:v3:GT:c09:p47703701:dartreseq	47703701	G	T	0.252066
snp:btx623:v3:AG:c09:p4743296:dartreseq	4743296	A	G	0.122934
snp:btx623:v3:CT:c09:p57062798:dartreseq	57062798	T	C	0.346591
snp:btx623:v3:CT:c09:p51420465:dartreseq	51420465	T	C	0.485021
snp:btx623:v3:CT:c09:p48226986:dartreseq	48226986	T	C	0.342459
snp:btx623:v3:CT:c09:p23076138:dartreseq	23076138	C	T	0.264979
snp:btx623:v3:AG:c09:p8211145:dartreseq	8211145	A	G	0.492769
snp:btx623:v3:CG:c09:p11977199:dartreseq	11977199	C	G	0.301136
snp:btx623:v3:AG:c09:p57176159:dartreseq	57176159	G	A	0.0872934
snp:btx623:v3:CT:c09:p41353514:dartreseq	41353514	T	C	0.0996901
snp:btx623:v3:CG:c09:p54385352:dartreseq	54385352	C	G	0.0532025
snp:btx623:v3:AT:c09:p52583934:dartreseq	52583934	A	T	0.0521694
snp:btx623:v3:GT:c09:p51844420:dartreseq	51844420	T	G	0.365186
snp:btx623:v3:AG:c09:p52245226:dartreseq	52245226	G	A	0.460744
snp:btx623:v3:AC:c09:p48893818:dartreseq	48893818	A	C	0.37655
snp:btx623:v3:AG:c09:p12766556:dartreseq	12766556	A	G	0.43595
snp:btx623:v3:AC:c09:p561262:dartreseq	561262	C	A	0.297521
snp:btx623:v3:CT:c09:p27288758:dartreseq	27288758	T	C	0.222624
snp:btx623:v3:AG:c09:p46354376:dartreseq	46354376	G	A	0.316632
snp:btx623:v3:AG:c09:p43745925:dartreseq	43745925	A	G	0.432851
snp:btx623:v3:AG:c09:p50056813:dartreseq	50056813	G	A	0.333678
snp:btx623:v3:CT:c09:p40783164:dartreseq	40783164	C	T	0.434917
snp:btx623:v3:AG:c09:p52013133:dartreseq	52013133	G	A	0.117252
snp:btx623:v3:AG:c09:p7167329:dartreseq	7167329	G	A	0.112087
snp:btx623:v3:AG:c09:p4743631:dartreseq	4743631	G	A	0.118285
snp:btx623:v3:AC:c09:p3549963:dartreseq	3549963	C	A	0.324897
snp:btx623:v3:CT:c09:p46528758:dartreseq	46528758	C	T	0.0934917
snp:btx623:v3:AC:c09:p2406955:dartreseq	2406955	C	A	0.0532025
snp:btx623:v3:CG:c09:p44482633:dartreseq	44482633	G	C	0.166839
snp:btx623:v3:CT:c09:p3906833:dartreseq	3906833	C	T	0.269628
snp:btx623:v3:AG:c09:p5608794:dartreseq	5608794	A	G	0.053719
snp:btx623:v3:CT:c09:p54077540:dartreseq	54077540	T	C	0.0754132
snp:btx623:v3:AT:c09:p1270956:dartreseq	1270956	A	T	0.0934917
snp:btx623:v3:CT:c09:p14251810:dartreseq	14251810	C	T	0.0568182
snp:btx623:v3:AT:c09:p52410252:dartreseq	52410252	A	T	0.0594008
snp:btx623:v3:CT:c09:p40699268:dartreseq	40699268	T	C	0.0764463
snp:btx623:v3:AG:c09:p56988974:dartreseq	56988974	G	A	0.0661157
snp:btx623:v3:AT:c09:p49432288:dartreseq	49432288	A	T	0.119318
snp:btx623:v3:AG:c09:p45328968:dartreseq	45328968	A	G	0.0583678
snp:btx623:v3:CT:c09:p608198:dartreseq	608198	C	T	0.0717975
snp:btx623:v3:CT:c09:p8214113:dartreseq	8214113	C	T	0.417355
snp:btx623:v3:AG:c09:p2307121:dartreseq	2307121	G	A	0.106405
snp:btx623:v3:GT:c09:p58833584:dartreseq	58833584	G	T	0.097624
snp:btx623:v3:CT:c09:p50951728:dartreseq	50951728	T	C	0.387913
snp:btx623:v3:AT:c09:p54513363:dartreseq	54513363	T	A	0.183368
snp:btx623:v3:AG:c09:p44040914:dartreseq	44040914	A	G	0.210227
snp:btx623:v3:CT:c09:p14795206:dartreseq	14795206	T	C	0.0805785
snp:btx623:v3:CG:c09:p5511858:dartreseq	5511858	C	G	0.0676653
snp:btx623:v3:CT:c09:p40452835:dartreseq	40452835	C	T	0.053719
snp:btx623:v3:CT:c09:p45027597:dartreseq	45027597	T	C	0.137913
snp:btx623:v3:AG:c09:p3613838:dartreseq	3613838	A	G	0.152893
snp:btx623:v3:AC:c09:p23015521:dartreseq	23015521	C	A	0.0666322
snp:btx623:v3:GT:c09:p17852638:dartreseq	17852638	T	G	0.325413
snp:btx623:v3:AG:c09:p57696250:dartreseq	57696250	A	G	0.393079
snp:btx623:v3:AG:c09:p14598650:dartreseq	14598650	A	G	0.0914256
snp:btx623:v3:AG:c09:p52403080:dartreseq	52403080	G	A	0.0501033
snp:btx623:v3:AT:c09:p59234670:dartreseq	59234670	T	A	0.183368
snp:btx623:v3:CT:c09:p4714304:dartreseq	4714304	T	C	0.324897
snp:btx623:v3:CT:c09:p54455207:dartreseq	54455207	C	T	0.128616
snp:btx623:v3:AT:c09:p44685222:dartreseq	44685222	A	T	0.368802
snp:btx623:v3:CT:c09:p4403136:dartreseq	4403136	T	C	0.178719
snp:btx623:v3:CT:c09:p46859798:dartreseq	46859798	C	T	0.0501033
snp:btx623:v3:AC:c09:p4071844:dartreseq	4071844	C	A	0.134298
snp:btx623:v3:AC:c09:p3477675:dartreseq	3477675	C	A	0.20093
snp:btx623:v3:AG:c09:p16227716:dartreseq	16227716	G	A	0.0733471
snp:btx623:v3:CT:c09:p22298346:dartreseq	22298346	C	T	0.332645
snp:btx623:v3:CT:c09:p24796933:dartreseq	24796933	T	C	0.479855
snp:btx623:v3:AG:c09:p40420324:dartreseq	40420324	G	A	0.223657
snp:btx623:v3:GT:c09:p51288725:dartreseq	51288725	T	G	0.207128
snp:btx623:v3:AG:c09:p10738165:dartreseq	10738165	G	A	0.135847
snp:btx623:v3:AC:c09:p53498246:dartreseq	53498246	A	C	0.170971
snp:btx623:v3:AT:c09:p34321163:dartreseq	34321163	T	A	0.053719
snp:btx623:v3:GT:c09:p50603527:dartreseq	50603527	T	G	0.0609504
snp:btx623:v3:CG:c09:p35474990:dartreseq	35474990	G	C	0.0619835
snp:btx623:v3:CT:c09:p47714349:dartreseq	47714349	C	T	0.257231
snp:btx623:v3:AG:c09:p9229539:dartreseq	9229539	G	A	0.0645661
snp:btx623:v3:GT:c09:p1634260:dartreseq	1634260	T	G	0.0996901
snp:btx623:v3:CG:c09:p51578616:dartreseq	51578616	C	G	0.184917
snp:btx623:v3:CT:c09:p46311949:dartreseq	46311949	T	C	0.177169
snp:btx623:v3:AG:c09:p33430555:dartreseq	33430555	G	A	0.331095
snp:btx623:v3:CT:c09:p55902985:dartreseq	55902985	T	C	0.163223
snp:btx623:v3:AG:c09:p36672650:dartreseq	36672650	G	A	0.239153
snp:btx623:v3:AC:c09:p49196712:dartreseq	49196712	A	C	0.108988
snp:btx623:v3:CT:c09:p8456419:dartreseq	8456419	C	T	0.397211
snp:btx623:v3:AG:c09:p1482723:dartreseq	1482723	A	G	0.42562
snp:btx623:v3:AC:c09:p52321399:dartreseq	52321399	C	A	0.407541
snp:btx623:v3:CT:c09:p55037903:dartreseq	55037903	C	T	0.0542355
snp:btx623:v3:AG:c09:p2773783:dartreseq	2773783	G	A	0.0924587
snp:btx623:v3:AG:c09:p2973913:dartreseq	2973913	G	A	0.115702
snp:btx623:v3:GT:c09:p42852737:dartreseq	42852737	G	T	0.492769
snp:btx623:v3:GT:c09:p41078708:dartreseq	41078708	T	G	0.397727
snp:btx623:v3:CT:c09:p47609136:dartreseq	47609136	T	C	0.285124
snp:btx623:v3:GT:c09:p45428459:dartreseq	45428459	T	G	0.181818
snp:btx623:v3:GT:c09:p2410569:dartreseq	2410569	G	T	0.145661
snp:btx623:v3:AT:c09:p58549219:dartreseq	58549219	T	A	0.357438
snp:btx623:v3:CT:c09:p35449347:dartreseq	35449347	C	T	0.237087
snp:btx623:v3:AG:c09:p10690261:dartreseq	10690261	G	A	0.116219
snp:btx623:v3:AG:c09:p49924521:dartreseq	49924521	G	A	0.157541
snp:btx623:v3:GT:c09:p16016416:dartreseq	16016416	T	G	0.13688
snp:btx623:v3:AG:c09:p10361525:dartreseq	10361525	A	G	0.0542355
snp:btx623:v3:CT:c09:p10781750:dartreseq	10781750	T	C	0.321798
snp:btx623:v3:CT:c09:p26589432:dartreseq	26589432	T	C	0.353306
snp:btx623:v3:AC:c09:p26899090:dartreseq	26899090	A	C	0.440599
snp:btx623:v3:AG:c09:p48997645:dartreseq	48997645	G	A	0.193182
snp:btx623:v3:AG:c09:p40242033:dartreseq	40242033	G	A	0.447314
snp:btx623:v3:AG:c09:p38978322:dartreseq	38978322	A	G	0.357438
snp:btx623:v3:AT:c09:p54378470:dartreseq	54378470	T	A	0.0847107
snp:btx623:v3:AT:c09:p9921276:dartreseq	9921276	T	A	0.0671488
snp:btx623:v3:AT:c09:p604646:dartreseq	604646	A	T	0.409607
snp:btx623:v3:AT:c09:p50052026:dartreseq	50052026	T	A	0.0676653
snp:btx623:v3:AG:c09:p48047393:dartreseq	48047393	G	A	0.0655992
snp:btx623:v3:AG:c09:p52093352:dartreseq	52093352	A	G	0.105888
snp:btx623:v3:AC:c09:p3418764:dartreseq	3418764	A	C	0.393079
snp:btx623:v3:CT:c09:p4434267:dartreseq	4434267	C	T	0.255682
snp:btx623:v3:CT:c09:p46910381:dartreseq	46910381	C	T	0.0588843
snp:btx623:v3:CG:c09:p57742928:dartreseq	57742928	C	G	0.0759298
snp:btx623:v3:CT:c09:p48189402:dartreseq	48189402	C	T	0.097624
snp:btx623:v3:CT:c09:p1663760:dartreseq	1663760	C	T	0.268079
snp:btx623:v3:AG:c09:p40953837:dartreseq	40953837	G	A	0.0532025
snp:btx623:v3:CT:c09:p10539312:dartreseq	10539312	T	C	0.237603
snp:btx623:v3:GT:c09:p43164361:dartreseq	43164361	T	G	0.406508
snp:btx623:v3:GT:c09:p12670436:dartreseq	12670436	T	G	0.165806
snp:btx623:v3:AT:c09:p472072:dartreseq	472072	T	A	0.265496
snp:btx623:v3:AG:c09:p23406559:dartreseq	23406559	A	G	0.311467
snp:btx623:v3:AC:c09:p3888520:dartreseq	3888520	A	C	0.173037
snp:btx623:v3:CG:c09:p57828000:dartreseq	57828000	C	G	0.0604339
snp:btx623:v3:AG:c09:p51157242:dartreseq	51157242	A	G	0.307335
snp:btx623:v3:AG:c09:p58196953:dartreseq	58196953	A	G	0.204029
snp:btx623:v3:AG:c09:p8733117:dartreseq	8733117	A	G	0.159607
snp:btx623:v3:CG:c09:p5284681:dartreseq	5284681	C	G	0.0826446
snp:btx623:v3:CG:c09:p56470038:dartreseq	56470038	C	G	0.399793
snp:btx623:v3:CT:c09:p53466291:dartreseq	53466291	T	C	0.11157
snp:btx623:v3:AG:c09:p50852979:dartreseq	50852979	G	A	0.129649
snp:btx623:v3:AT:c09:p10852898:dartreseq	10852898	T	A	0.452996
snp:btx623:v3:AG:c09:p2101794:dartreseq	2101794	A	G	0.164256
snp:btx623:v3:CT:c09:p55937065:dartreseq	55937065	T	C	0.0955579
snp:btx623:v3:AG:c09:p54829844:dartreseq	54829844	G	A	0.0717975
snp:btx623:v3:CG:c09:p40833182:dartreseq	40833182	C	G	0.0501033
snp:btx623:v3:CG:c09:p53147974:dartreseq	53147974	G	C	0.0774793
snp:btx623:v3:CG:c09:p5511318:dartreseq	5511318	G	C	0.100723
snp:btx623:v3:AG:c09:p3584369:dartreseq	3584369	A	G	0.492252
snp:btx623:v3:AG:c09:p24719025:dartreseq	24719025	G	A	0.292355
snp:btx623:v3:AG:c09:p48598423:dartreseq	48598423	G	A	0.169938
snp:btx623:v3:AC:c09:p56608044:dartreseq	56608044	C	A	0.0563017
snp:btx623:v3:CT:c09:p49656585:dartreseq	49656585	T	C	0.10124
snp:btx623:v3:GT:c09:p3034918:dartreseq	3034918	T	G	0.0733471
snp:btx623:v3:CG:c09:p41610753:dartreseq	41610753	G	C	0.0862603
snp:btx623:v3:AG:c09:p52208969:dartreseq	52208969	A	G	0.429236
snp:btx623:v3:GT:c09:p2219253:dartreseq	2219253	T	G	0.283574
snp:btx623:v3:CT:c09:p3933980:dartreseq	3933980	C	T	0.183368
snp:btx623:v3:CT:c09:p12083382:dartreseq	12083382	C	T	0.0805785
snp:btx623:v3:AT:c09:p58527746:dartreseq	58527746	T	A	0.19938
snp:btx623:v3:CT:c09:p56680522:dartreseq	56680522	C	T	0.109504
snp:btx623:v3:CT:c09:p49515237:dartreseq	49515237	T	C	0.343492
snp:btx623:v3:AT:c09:p46353034:dartreseq	46353034	T	A	0.346074
snp:btx623:v3:CT:c09:p47260824:dartreseq	47260824	C	T	0.44938
snp:btx623:v3:CT:c09:p2892426:dartreseq	2892426	C	T	0.0903926
snp:btx623:v3:AG:c09:p59319619:dartreseq	59319619	G	A	0.0779959
snp:btx623:v3:GT:c09:p50582504:dartreseq	50582504	G	T	0.0759298
snp:btx623:v3:AG:c09:p56570334:dartreseq	56570334	A	G	0.17562
snp:btx623:v3:AC:c09:p1846663:dartreseq	1846663	C	A	0.0717975
snp:btx623:v3:CT:c09:p57622539:dartreseq	57622539	T	C	0.120351
snp:btx623:v3:GT:c09:p15336881:dartreseq	15336881	T	G	0.107955
snp:btx623:v3:GT:c09:p2447533:dartreseq	2447533	G	T	0.459711
snp:btx623:v3:CG:c09:p19076650:dartreseq	19076650	C	G	0.0609504
snp:btx623:v3:CT:c09:p49175668:dartreseq	49175668	C	T	0.0557851
snp:btx623:v3:AG:c09:p23309756:dartreseq	23309756	G	A	0.0728306
snp:btx623:v3:CT:c09:p41999910:dartreseq	41999910	C	T	0.0635331
snp:btx623:v3:CT:c09:p4571532:dartreseq	4571532	C	T	0.141529
snp:btx623:v3:CT:c09:p51035550:dartreseq	51035550	C	T	0.17407
snp:btx623:v3:CT:c09:p947234:dartreseq	947234	T	C	0.213326
snp:btx623:v3:CT:c09:p50606121:dartreseq	50606121	T	C	0.408058
snp:btx623:v3:CT:c09:p55006424:dartreseq	55006424	C	T	0.081095
snp:btx623:v3:CT:c09:p52463919:dartreseq	52463919	T	C	0.0671488
snp:btx623:v3:AT:c09:p22982273:dartreseq	22982273	A	T	0.226756
snp:btx623:v3:AT:c09:p1812024:dartreseq	1812024	A	T	0.131198
snp:btx623:v3:GT:c09:p4090680:dartreseq	4090680	T	G	0.356921
snp:btx623:v3:CT:c09:p55827479:dartreseq	55827479	T	C	0.277376
snp:btx623:v3:GT:c09:p25181064:dartreseq	25181064	T	G	0.30062
snp:btx623:v3:CT:c09:p49972222:dartreseq	49972222	C	T	0.139463
snp:btx623:v3:CG:c09:p20010362:dartreseq	20010362	G	C	0.0774793
snp:btx623:v3:CT:c09:p4575989:dartreseq	4575989	C	T	0.0568182
snp:btx623:v3:CT:c09:p50129745:dartreseq	50129745	C	T	0.0728306
snp:btx623:v3:GT:c09:p41933561:dartreseq	41933561	G	T	0.0795455
snp:btx623:v3:CT:c09:p5999542:dartreseq	5999542	C	T	0.221074
snp:btx623:v3:CT:c09:p837934:dartreseq	837934	T	C	0.0650826
snp:btx623:v3:AT:c09:p54018583:dartreseq	54018583	A	T	0.0878099
snp:btx623:v3:CT:c09:p1552924:dartreseq	1552924	C	T	0.136364
snp:btx623:v3:AC:c09:p50575447:dartreseq	50575447	A	C	0.214876
snp:btx623:v3:AG:c09:p1054165:dartreseq	1054165	G	A	0.119318
snp:btx623:v3:AT:c09:p39786583:dartreseq	39786583	T	A	0.280475
snp:btx623:v3:GT:c09:p54378623:dartreseq	54378623	G	T	0.0604339
snp:btx623:v3:AG:c09:p49001722:dartreseq	49001722	G	A	0.210744
snp:btx623:v3:CT:c09:p48266357:dartreseq	48266357	T	C	0.264979
snp:btx623:v3:AC:c09:p1302810:dartreseq	1302810	C	A	0.171488
snp:btx623:v3:CT:c09:p2170181:dartreseq	2170181	T	C	0.0867769
snp:btx623:v3:AG:c09:p47881360:dartreseq	47881360	A	G	0.177169
snp:btx623:v3:AG:c09:p48873631:dartreseq	48873631	A	G	0.322314
snp:btx623:v3:AT:c09:p59321129:dartreseq	59321129	A	T	0.332645
snp:btx623:v3:CT:c09:p5464575:dartreseq	5464575	C	T	0.167872
snp:btx623:v3:AG:c09:p42782361:dartreseq	42782361	G	A	0.280475
snp:btx623:v3:GT:c09:p8501265:dartreseq	8501265	G	T	0.148244
snp:btx623:v3:AT:c09:p56715113:dartreseq	56715113	A	T	0.307851
snp:btx623:v3:CT:c09:p5512483:dartreseq	5512483	C	T	0.213326
snp:btx623:v3:AT:c09:p2151565:dartreseq	2151565	A	T	0.0728306
snp:btx623:v3:CG:c09:p49699665:dartreseq	49699665	C	G	0.36157
snp:btx623:v3:AT:c09:p768683:dartreseq	768683	T	A	0.129649
snp:btx623:v3:AG:c09:p11252947:dartreseq	11252947	G	A	0.113636
snp:btx623:v3:CT:c09:p47283014:dartreseq	47283014	C	T	0.170971
snp:btx623:v3:GT:c09:p12116801:dartreseq	12116801	G	T	0.0707645
snp:btx623:v3:AG:c09:p58141509:dartreseq	58141509	A	G	0.052686
snp:btx623:v3:AG:c09:p961949:dartreseq	961949	A	G	0.369835
snp:btx623:v3:GT:c09:p47354368:dartreseq	47354368	G	T	0.0625
snp:btx623:v3:CG:c09:p1495508:dartreseq	1495508	G	C	0.0625
snp:btx623:v3:CG:c09:p50295443:dartreseq	50295443	C	G	0.134814
snp:btx623:v3:AT:c09:p56536571:dartreseq	56536571	A	T	0.213326
snp:btx623:v3:CG:c09:p11341787:dartreseq	11341787	G	C	0.110537
snp:btx623:v3:AG:c09:p40425082:dartreseq	40425082	G	A	0.354339
snp:btx623:v3:AT:c09:p52258537:dartreseq	52258537	T	A	0.369318
snp:btx623:v3:AT:c09:p5821500:dartreseq	5821500	A	T	0.459711
snp:btx623:v3:GT:c09:p54084508:dartreseq	54084508	T	G	0.102789
snp:btx623:v3:AG:c09:p6773854:dartreseq	6773854	G	A	0.142045
snp:btx623:v3:CT:c09:p6051883:dartreseq	6051883	T	C	0.207645
snp:btx623:v3:AG:c09:p40726:dartreseq	40726	G	A	0.0604339
snp:btx623:v3:AG:c09:p3513474:dartreseq	3513474	G	A	0.176136
snp:btx623:v3:AG:c09:p19036621:dartreseq	19036621	G	A	0.0599174
snp:btx623:v3:CT:c09:p54915428:dartreseq	54915428	C	T	0.101756
snp:btx623:v3:CG:c09:p17254764:dartreseq	17254764	C	G	0.0552686
snp:btx623:v3:AG:c09:p40332057:dartreseq	40332057	A	G	0.302686
snp:btx623:v3:AG:c09:p1195726:dartreseq	1195726	G	A	0.0852273
snp:btx623:v3:AT:c09:p15421988:dartreseq	15421988	A	T	0.0568182
snp:btx623:v3:GT:c09:p50945610:dartreseq	50945610	G	T	0.0671488
snp:btx623:v3:AG:c09:p2931358:dartreseq	2931358	A	G	0.156508
snp:btx623:v3:AG:c09:p53516509:dartreseq	53516509	G	A	0.115702
snp:btx623:v3:CG:c09:p8901200:dartreseq	8901200	G	C	0.5
snp:btx623:v3:AG:c09:p16894091:dartreseq	16894091	G	A	0.0594008
snp:btx623:v3:CT:c09:p34290491:dartreseq	34290491	T	C	0.307851
snp:btx623:v3:CT:c09:p5377502:dartreseq	5377502	T	C	0.285124
snp:btx623:v3:CG:c09:p39982760:dartreseq	39982760	G	C	0.341942
snp:btx623:v3:GT:c09:p51208582:dartreseq	51208582	G	T	0.366219
snp:btx623:v3:CG:c09:p42679421:dartreseq	42679421	C	G	0.106921
snp:btx623:v3:GT:c09:p8554115:dartreseq	8554115	G	T	0.100207
snp:btx623:v3:GT:c09:p2668332:dartreseq	2668332	T	G	0.0934917
snp:btx623:v3:CG:c09:p4802666:dartreseq	4802666	C	G	0.326446
snp:btx623:v3:CT:c09:p51548759:dartreseq	51548759	T	C	0.0552686
snp:btx623:v3:AT:c09:p4777471:dartreseq	4777471	A	T	0.149277
snp:btx623:v3:AG:c09:p1110241:dartreseq	1110241	A	G	0.0857438
snp:btx623:v3:CT:c09:p20016777:dartreseq	20016777	T	C	0.0666322
snp:btx623:v3:CT:c09:p53317750:dartreseq	53317750	T	C	0.20093
snp:btx623:v3:AT:c09:p36265212:dartreseq	36265212	A	T	0.323347
snp:btx623:v3:AC:c09:p8531452:dartreseq	8531452	C	A	0.152376
snp:btx623:v3:AG:c09:p50397268:dartreseq	50397268	G	A	0.0919421
snp:btx623:v3:AG:c09:p49192698:dartreseq	49192698	A	G	0.0852273
snp:btx623:v3:AT:c09:p5574367:dartreseq	5574367	T	A	0.215909
snp:btx623:v3:CT:c09:p17772876:dartreseq	17772876	T	C	0.154442
snp:btx623:v3:AG:c09:p46307071:dartreseq	46307071	G	A	0.0872934
snp:btx623:v3:CT:c09:p48155080:dartreseq	48155080	C	T	0.089876
snp:btx623:v3:AG:c09:p8403228:dartreseq	8403228	G	A	0.0785124
snp:btx623:v3:CT:c09:p52742678:dartreseq	52742678	C	T	0.43595
snp:btx623:v3:CG:c09:p46841723:dartreseq	46841723	G	C	0.1875
snp:btx623:v3:CT:c09:p6795700:dartreseq	6795700	T	C	0.16374
snp:btx623:v3:CT:c09:p52987665:dartreseq	52987665	C	T	0.210744
snp:btx623:v3:CT:c09:p50766581:dartreseq	50766581	T	C	0.0836777
snp:btx623:v3:AG:c09:p52302767:dartreseq	52302767	A	G	0.0594008
snp:btx623:v3:CT:c09:p49179424:dartreseq	49179424	T	C	0.0625
snp:btx623:v3:AG:c09:p54697738:dartreseq	54697738	A	G	0.266012
snp:btx623:v3:AT:c09:p49449435:dartreseq	49449435	T	A	0.0816116
snp:btx623:v3:CT:c09:p1999804:dartreseq	1999804	C	T	0.296488
snp:btx623:v3:CT:c09:p51293345:dartreseq	51293345	C	T	0.406508
snp:btx623:v3:AT:c09:p6481429:dartreseq	6481429	A	T	0.0816116
snp:btx623:v3:AG:c09:p5332977:dartreseq	5332977	G	A	0.387913
snp:btx623:v3:AG:c09:p45414703:dartreseq	45414703	A	G	0.157025
snp:btx623:v3:CT:c09:p35511527:dartreseq	35511527	C	T	0.235537
snp:btx623:v3:CT:c09:p46102575:dartreseq	46102575	C	T	0.318182
snp:btx623:v3:AG:c09:p4844371:dartreseq	4844371	A	G	0.237603
snp:btx623:v3:AG:c09:p3317740:dartreseq	3317740	A	G	0.080062
snp:btx623:v3:AG:c09:p32810445:dartreseq	32810445	G	A	0.421488
snp:btx623:v3:CT:c09:p41052700:dartreseq	41052700	T	C	0.375
snp:btx623:v3:AC:c09:p58190671:dartreseq	58190671	C	A	0.0547521
snp:btx623:v3:CG:c09:p2433006:dartreseq	2433006	C	G	0.46436
snp:btx623:v3:CT:c09:p49040563:dartreseq	49040563	C	T	0.221591
snp:btx623:v3:AG:c09:p40468504:dartreseq	40468504	A	G	0.205579
snp:btx623:v3:AG:c09:p49658647:dartreseq	49658647	G	A	0.112603
snp:btx623:v3:CT:c09:p55300385:dartreseq	55300385	C	T	0.0573347
snp:btx623:v3:GT:c09:p2500854:dartreseq	2500854	T	G	0.321281
snp:btx623:v3:CT:c09:p11811901:dartreseq	11811901	T	C	0.332128
snp:btx623:v3:CG:c09:p2969971:dartreseq	2969971	G	C	0.180269
snp:btx623:v3:AT:c09:p8701342:dartreseq	8701342	T	A	0.218492
snp:btx623:v3:AG:c09:p6632899:dartreseq	6632899	A	G	0.0785124
snp:btx623:v3:CT:c09:p47531512:dartreseq	47531512	T	C	0.27376
snp:btx623:v3:AT:c09:p3345037:dartreseq	3345037	T	A	0.0743802
snp:btx623:v3:CG:c09:p3719652:dartreseq	3719652	C	G	0.144628
snp:btx623:v3:AC:c09:p231544:dartreseq	231544	A	C	0.269628
